create database CSE_3b_335


CREATE TABLE DEPOSITE(
	ACTNO INT ,
	CNAME  VARCHAR(50),
	BNAME VARCHAR(50),
	AMOUNT DECIMAL(8,2),
	ADATE DATETIME
)


INSERT INTO DEPOSITE VALUES(101,'ANIL','VRCE',1000,'01-MAR-1995')
INSERT INTO DEPOSITE VALUES(102,'SUNIL','AJNI',1400,'04-JAN-1996')
INSERT INTO DEPOSITE VALUES(103,'MEHUL','KALORBHAG',5000,'17-NOV-1995')
INSERT INTO DEPOSITE VALUES(104,'MADHURI','CHANDI',7600,'17-DEC-1995')
INSERT INTO DEPOSITE VALUES(105,'PRAMOD','MG.ROAD',9000,'27-MAR-1996')
INSERT INTO DEPOSITE VALUES(106,'PRANDEP','ANDEHRE',3600,'31-MAR-1996')
INSERT INTO DEPOSITE VALUES(107,'SHIVANI','VERAR',5400,'05-SEP-1995')
INSERT INTO DEPOSITE VALUES(108,'KRANTI','NEHRU PLACES',2400,'02-JUL-1996')
INSERT INTO DEPOSITE VALUES(109,'MINU','POWAI',7000,'10-AUG-1995')



--BRANCH TABLE

CREATE TABLE BRANCH
(
	BNAME VARCHAR(50),
	CITY VARCHAR(50)
)


INSERT INTO BRANCH
VALUES
('VRCE', 'NAGPUR')

INSERT INTO BRANCH
VALUES
('AJNI', 'NAGPUR')

INSERT INTO BRANCH
VALUES
('KAROLBAGH','DELHI')

INSERT INTO BRANCH
VALUES
('CHANDI', 'DELHI')

INSERT INTO BRANCH
VALUES
('DHARAMPETH','NAGPUR')

INSERT INTO BRANCH
VALUES
('M.G. ROAD', 'BANGLORE')

INSERT INTO BRANCH
VALUES
('ANDHERI','BOMBAY')

INSERT INTO BRANCH
VALUES
('VIRAR','BOMBAY')

INSERT INTO BRANCH
VALUES
('NEHRU PLACE','DELHI')

INSERT INTO BRANCH
VALUES
('POWAI','BOMBAY') 



--CUSTOMERS

CREATE TABLE CUSTOMERS
(
	CNAME	VARCHAR(50),
    CITY	VARCHAR(50)
)



INSERT INTO CUSTOMERS
VALUES
('ANIL', 'CALCUTTA'),
('SUNIL', 'DELHI'), 
('MEHUL', 'BARODA'), 
('MANDAR', 'PATNA'), 
('MADHURI','NAGPUR'), 
('PRAMOD','NAGPUR'), 
('SANDIP','SURAT'),
('SHIVANI','BOMBAY'),
('KRANTI', 'BOMBAY'),
('NAREN', 'BOMBAY')


--BORROW

CREATE TABLE BORROW
(
	LOANNO	INT,
	CNAME	VARCHAR(50),
	BNAME	VARCHAR(50),
	AMOUNT	DECIMAL(8,2)
)


INSERT INTO BORROW
VALUES
(201, 'ANIL', 'VRCE', 1000.00), 
(206,'MEHUL', 'AJNI', 5000.00),
(311,'SUNIL', 'DHARAMPETH', 3000.00), 
(321,'MADHURI', 'ANDHERI' ,2000.00), 
(375,'PRMOD', 'VIRAR' ,8000.00), 
(481,'KRANTI', 'NEHRU PLACE', 3000.00) 



